list,max_key,u_rate,rq_rate,wrk_threads,rq_threads,rq_size,u_latency,c_latency,rq_latency,tot_thruput,u_thruput,c_thruput,rq_thruput,rq_len,avg_in_announce,avg_in_bags,reachable_nodes,avg_bundle_size
citrus-bundle,100000,0.00,100.00,1,0,50,0,0,2922,392410,0,0,392410,24,0,0,49574,1.16
citrus-bundle,100000,0.00,100.00,16,0,50,0,0,2900,5874259,0,0,5874259,25,0,0,50059,1.17
citrus-bundle,100000,0.00,100.00,32,0,50,0,0,3480,9649473,0,0,9649473,24,0,0,49817,1.17
citrus-bundle,100000,0.00,100.00,48,0,50,0,0,4206,12161067,0,0,12161067,25,0,0,50081,1.17
citrus-bundle,100000,0.00,100.00,64,0,50,0,0,3784,17099722,0,0,17099722,25,0,0,50206,1.17
citrus-bundle,100000,0.00,100.00,80,0,50,0,0,3961,20587302,0,0,20587302,25,0,0,50023,1.17
citrus-bundle,100000,0.00,100.00,96,0,50,0,0,3868,23609915,0,0,23609915,25,0,0,50074,1.17
citrus-lockfree,100000,0.00,100.00,1,0,50,0,0,2341,620663,0,0,620663,24,0,0,0,0.00
citrus-lockfree,100000,0.00,100.00,16,0,50,0,0,3289,5659275,0,0,5659275,24,0,45,0,0.00
citrus-lockfree,100000,0.00,100.00,32,0,50,0,0,6025,5253286,0,0,5253286,25,0,93,0,0.00
citrus-lockfree,100000,0.00,100.00,48,0,50,0,0,8984,5104565,0,0,5104565,24,0,141,0,0.00
citrus-lockfree,100000,0.00,100.00,64,0,50,0,0,11715,5422298,0,0,5422298,25,0,189,0,0.00
citrus-lockfree,100000,0.00,100.00,80,0,50,0,0,12893,6077383,0,0,6077383,24,0,237,0,0.00
citrus-lockfree,100000,0.00,100.00,96,0,50,0,0,15756,5604089,0,0,5604089,24,0,285,0,0.00
citrus-bundle,100000,1.00,98.00,1,0,50,959,434,2965,397097,3949,19475,389253,24,0,0,49576,1.16
citrus-bundle,100000,1.00,98.00,16,0,50,1110,496,2924,5961122,59521,291025,5843396,25,0,0,50179,1.17
citrus-bundle,100000,1.00,98.00,32,0,50,1354,592,3470,9733296,97437,477745,9540310,25,0,0,50050,1.17
citrus-bundle,100000,1.00,98.00,48,0,50,1611,689,3941,12125478,121359,593930,11885333,25,0,0,50280,1.17
citrus-bundle,100000,1.00,98.00,64,0,50,1794,687,3772,17072230,170221,835785,16734852,24,0,0,50131,1.17
citrus-bundle,100000,1.00,98.00,80,0,50,1913,736,3825,20214193,202036,988860,19814385,25,0,0,49862,1.17
citrus-bundle,100000,1.00,98.00,96,0,50,2044,806,3955,23079765,230749,1126955,22623625,24,0,0,50009,1.17
citrus-lockfree,100000,1.00,98.00,1,0,50,470,324,1769,627772,6316,30650,615326,25,0,0,0,0.00
citrus-lockfree,100000,1.00,98.00,16,0,50,610,393,2993,5613328,56184,274480,5502248,24,0,45,0,0.00
citrus-lockfree,100000,1.00,98.00,32,0,50,968,606,5556,5618078,56291,274085,5506970,24,0,93,0,0.00
citrus-lockfree,100000,1.00,98.00,48,0,50,1175,782,8776,5281464,52835,258390,5176951,24,0,141,0,0.00
citrus-lockfree,100000,1.00,98.00,64,0,50,2534,1127,11509,5483212,54983,268305,5374568,24,0,189,0,0.00
citrus-lockfree,100000,1.00,98.00,80,0,50,3175,1243,15423,5338064,53600,261015,5232261,24,0,237,0,0.00
citrus-lockfree,100000,1.00,98.00,96,0,50,3751,2106,16745,5150850,51620,251705,5048889,25,0,285,0,0.00
citrus-bundle,100000,5.00,90.00,1,0,50,837,428,3009,419236,21079,102555,377646,24,0,0,49820,1.17
citrus-bundle,100000,5.00,90.00,16,0,50,950,480,2946,6357074,318132,1552765,5728389,25,0,0,50110,1.17
citrus-bundle,100000,5.00,90.00,32,0,50,1192,607,3626,9916785,496501,2422825,8935719,25,0,0,49818,1.17
citrus-bundle,100000,5.00,90.00,48,0,50,1401,676,4008,12578593,629668,3076470,11333631,25,0,0,50188,1.17
citrus-bundle,100000,5.00,90.00,64,0,50,1740,774,3815,16744438,837693,4090770,15088591,25,0,0,50019,1.17
citrus-bundle,100000,5.00,90.00,80,0,50,1814,778,3976,19613041,981882,4798965,17671366,25,0,0,50165,1.17
citrus-bundle,100000,5.00,90.00,96,0,50,1879,792,4391,21920055,1097394,5363485,19749964,24,0,0,49968,1.17
citrus-lockfree,100000,5.00,90.00,1,0,50,483,321,2204,671510,33495,163825,605250,24,0,0,0,0.00
citrus-lockfree,100000,5.00,90.00,16,0,50,586,389,3241,5970892,299143,1460800,5379589,25,0,44,0,0.00
citrus-lockfree,100000,5.00,90.00,32,0,50,862,572,5744,5926689,296936,1447090,5340335,25,0,93,0,0.00
citrus-lockfree,100000,5.00,90.00,48,0,50,1126,739,8992,5627518,281535,1374770,5071029,24,0,141,0,0.00
citrus-lockfree,100000,5.00,90.00,64,0,50,2592,1176,12310,5411797,271127,1321775,4876315,25,0,189,0,0.00
citrus-lockfree,100000,5.00,90.00,80,0,50,2942,1322,15965,5162170,258397,1260915,4651590,25,0,238,0,0.00
citrus-lockfree,100000,5.00,90.00,96,0,50,3478,1895,17498,5344128,267371,1307480,4815261,25,0,286,0,0.00
citrus-bundle,100000,10.00,80.00,1,0,50,767,433,2983,446592,44727,220995,357666,25,0,0,50143,1.17
citrus-bundle,100000,10.00,80.00,16,0,50,932,495,2919,6738602,673334,3339945,5397279,24,0,0,50042,1.17
citrus-bundle,100000,10.00,80.00,32,0,50,1133,645,3478,10732821,1074554,5313285,8595610,25,0,0,50142,1.17
citrus-bundle,100000,10.00,80.00,48,0,50,1348,720,3851,13283221,1330081,6575950,10637950,24,0,0,50228,1.17
citrus-bundle,100000,10.00,80.00,64,0,50,1896,886,4169,16518332,1654204,8165060,13231116,24,0,0,49991,1.17
citrus-bundle,100000,10.00,80.00,80,0,50,2001,959,4338,17573060,1759560,8698575,14073785,25,0,0,50027,1.17
citrus-bundle,100000,10.00,80.00,96,0,50,2473,1134,5168,19249455,1927022,9520975,15418238,25,0,0,50024,1.17
citrus-lockfree,100000,10.00,80.00,1,0,50,423,320,1778,728822,72900,360645,583793,25,0,0,0,0.00
citrus-lockfree,100000,10.00,80.00,16,0,50,564,374,3300,6630957,664566,3277300,5310931,24,0,45,0,0.00
citrus-lockfree,100000,10.00,80.00,32,0,50,787,526,5650,6721696,673075,3327895,5383042,25,0,90,0,0.00
citrus-lockfree,100000,10.00,80.00,48,0,50,1041,686,8903,6147581,615017,3042835,4923997,25,0,142,0,0.00
citrus-lockfree,100000,10.00,80.00,64,0,50,2523,1028,12963,5674401,568866,2808880,4543759,24,0,190,0,0.00
citrus-lockfree,100000,10.00,80.00,80,0,50,3135,1056,16452,5577205,558223,2757460,4467490,24,0,239,0,0.00
citrus-lockfree,100000,10.00,80.00,96,0,50,3260,1457,21709,5358593,536831,2648050,4292152,24,0,287,0,0.00
citrus-bundle,100000,25.00,50.00,1,0,50,706,491,3140,601209,150225,748720,301240,24,0,0,49973,1.17
citrus-bundle,100000,25.00,50.00,16,0,50,925,550,3080,8956387,2241860,11160240,4482479,24,0,0,50080,1.17
citrus-bundle,100000,25.00,50.00,32,0,50,1217,769,3701,13760651,3444417,17136235,6888987,24,0,0,49752,1.17
citrus-bundle,100000,25.00,50.00,48,0,50,1471,888,4271,16562142,4143820,20634480,8291426,25,0,0,50127,1.17
citrus-bundle,100000,25.00,50.00,64,0,50,2429,1171,5121,17216136,4309181,21448225,8617310,25,0,0,49819,1.17
citrus-bundle,100000,25.00,50.00,80,0,50,2637,1271,5062,19799056,4954976,24652920,9913496,25,0,0,50003,1.17
citrus-bundle,100000,25.00,50.00,96,0,50,2757,1196,5357,21584229,5401433,26893035,10804189,25,0,0,50021,1.17
citrus-lockfree,100000,25.00,50.00,1,0,50,513,368,2171,993579,248247,1236730,497986,24,0,0,0,0.00
citrus-lockfree,100000,25.00,50.00,16,0,50,552,379,3166,9064304,2267866,11289570,4538524,24,0,46,0,0.00
citrus-lockfree,100000,25.00,50.00,32,0,50,721,477,5536,9989477,2499069,12443500,5001708,24,0,95,0,0.00
citrus-lockfree,100000,25.00,50.00,48,0,50,858,573,8791,9047921,2264993,11264655,4529997,24,0,145,0,0.00
citrus-lockfree,100000,25.00,50.00,64,0,50,2432,677,16419,7157927,1790844,8911965,3584690,24,0,195,0,0.00
citrus-lockfree,100000,25.00,50.00,80,0,50,3216,764,22022,6813586,1705033,8484320,3411689,25,0,245,0,0.00
citrus-lockfree,100000,25.00,50.00,96,0,50,3302,869,26370,6368616,1594509,7935140,3187079,25,0,289,0,0.00
citrus-bundle,100000,40.00,20.00,1,0,50,633,451,2884,961166,385344,1918910,192040,24,0,0,50162,1.17
citrus-bundle,100000,40.00,20.00,16,0,50,975,592,3108,13170418,5273734,26298630,2636958,25,0,0,49860,1.17
citrus-bundle,100000,40.00,20.00,32,0,50,1331,850,3845,18698097,7488823,37320230,3745228,25,0,0,50112,1.17
citrus-bundle,100000,40.00,20.00,48,0,50,1632,1142,4723,21948314,8789584,43813145,4396101,24,0,0,50103,1.17
citrus-bundle,100000,40.00,20.00,64,0,50,2975,1634,6380,18784492,7523356,37500600,3761016,24,0,0,49836,1.17
citrus-bundle,100000,40.00,20.00,80,0,50,3936,1916,7420,19644723,7869417,39212635,3932779,24,0,0,49897,1.17
citrus-bundle,100000,40.00,20.00,96,0,50,3824,1556,7612,21553916,8630464,43031325,4317187,25,0,0,50242,1.17
citrus-lockfree,100000,40.00,20.00,1,0,50,417,327,1731,1661587,665491,3317650,332566,24,0,0,0,0.00
citrus-lockfree,100000,40.00,20.00,16,0,50,542,376,3558,15264926,6112513,30473885,3057636,24,0,48,0,0.00
citrus-lockfree,100000,40.00,20.00,32,0,50,683,456,6121,18257397,7310001,36455070,3656382,25,0,101,0,0.00
citrus-lockfree,100000,40.00,20.00,48,0,50,818,539,9459,17473173,6999046,34881215,3497884,25,0,153,0,0.00
citrus-lockfree,100000,40.00,20.00,64,0,50,2430,621,24435,10853322,4347949,21657075,2173958,24,0,211,0,0.00
citrus-lockfree,100000,40.00,20.00,80,0,50,2886,692,30957,10936328,4379637,21833675,2189956,24,0,263,0,0.00
citrus-lockfree,100000,40.00,20.00,96,0,50,2809,716,34937,10974081,4395370,21912130,2196285,24,0,318,0,0.00
citrus-bundle,100000,45.00,10.00,1,0,50,576,411,2774,1238563,557819,2783290,124086,24,0,0,49779,1.17
citrus-bundle,100000,45.00,10.00,16,0,50,941,551,3105,15952153,7186562,35842475,1597096,25,0,0,49973,1.17
citrus-bundle,100000,45.00,10.00,32,0,50,1323,907,4055,21658541,9757462,48659225,2169234,25,0,0,49833,1.17
citrus-bundle,100000,45.00,10.00,48,0,50,1791,1117,5095,24624398,11092267,55332020,2465727,25,0,0,50031,1.17
citrus-bundle,100000,45.00,10.00,64,0,50,3460,1946,7512,19060787,8587543,42823085,1908627,25,0,0,50035,1.17
citrus-bundle,100000,45.00,10.00,80,0,50,4320,2100,8420,20916081,9425622,46983520,2093755,24,0,0,49966,1.17
citrus-bundle,100000,45.00,10.00,96,0,50,3993,1649,8987,22036228,9926162,49519940,2206078,25,0,0,50063,1.17
citrus-lockfree,100000,45.00,10.00,1,0,50,417,338,1723,2153660,970668,4837930,215406,24,0,0,0,0.00
citrus-lockfree,100000,45.00,10.00,16,0,50,547,372,3745,20376885,9179577,45786405,2040027,25,0,51,0,0.00
citrus-lockfree,100000,45.00,10.00,32,0,50,680,449,6776,25756168,11601554,57877715,2579071,25,0,106,0,0.00
citrus-lockfree,100000,45.00,10.00,48,0,50,852,558,10649,26006138,11714613,58433475,2604830,25,0,162,0,0.00
citrus-lockfree,100000,45.00,10.00,64,0,50,1696,640,23669,17715414,7982970,39792750,1773894,24,0,217,0,0.00
citrus-lockfree,100000,45.00,10.00,80,0,50,2245,669,33649,16873067,7598676,37924935,1689404,24,0,287,0,0.00
citrus-lockfree,100000,45.00,10.00,96,0,50,2305,703,40345,16820158,7576573,37796290,1684327,25,0,342,0,0.00
citrus-bundle,100000,49.00,2.00,1,0,50,591,406,3554,1691499,829794,4137865,34132,24,0,0,49980,1.17
citrus-bundle,100000,49.00,2.00,16,0,50,918,555,3712,19828949,9728733,48512715,397673,24,0,0,49999,1.17
citrus-bundle,100000,49.00,2.00,32,0,50,1455,931,4706,24680977,12105759,60406590,493900,25,0,0,49811,1.17
citrus-bundle,100000,49.00,2.00,48,0,50,1954,1205,5906,27063326,13277777,66220085,541532,24,0,0,50004,1.17
citrus-bundle,100000,49.00,2.00,64,0,50,3900,2040,9708,19425351,9529591,47532110,389338,24,0,0,50001,1.17
citrus-bundle,100000,49.00,2.00,80,0,50,4997,2791,11744,19739704,9682383,48308565,395608,25,0,0,49971,1.17
citrus-bundle,100000,49.00,2.00,96,0,50,4751,2383,11353,22664455,11118877,55459650,453648,24,0,0,50007,1.17
citrus-lockfree,100000,49.00,2.00,1,0,50,394,310,1658,2881999,1414215,7051160,57552,25,0,0,0,0.00
citrus-lockfree,100000,49.00,2.00,16,0,50,539,364,4474,30589741,15005892,74858640,612121,24,0,56,0,0.00
citrus-lockfree,100000,49.00,2.00,32,0,50,738,475,8655,41320447,20268684,101121415,827480,24,0,119,0,0.00
citrus-lockfree,100000,49.00,2.00,48,0,50,836,522,14232,45923515,22527733,112377725,920237,24,0,186,0,0.00
citrus-lockfree,100000,49.00,2.00,64,0,50,1691,709,23322,35302327,17317922,86386585,707088,24,0,238,0,0.00
citrus-lockfree,100000,49.00,2.00,80,0,50,2154,835,29432,36651417,17981050,89680290,734309,25,0,309,0,0.00
citrus-lockfree,100000,49.00,2.00,96,0,50,2100,802,37867,39762799,19506702,97294230,797251,25,0,371,0,0.00
citrus-bundle,100000,50.00,0.00,1,0,50,788,544,0,1759171,880580,4392955,0,0,0,0,49664,1.17
citrus-bundle,100000,50.00,0.00,16,0,50,962,568,0,21161544,10596949,52822975,0,0,0,0,49846,1.17
citrus-bundle,100000,50.00,0.00,32,0,50,1458,924,0,25099828,12564443,62676925,0,0,0,0,50053,1.17
citrus-bundle,100000,50.00,0.00,48,0,50,1946,1134,0,27458470,13745541,68564645,0,0,0,0,49936,1.17
citrus-bundle,100000,50.00,0.00,64,0,50,4025,1992,0,18746156,9383704,46812260,0,0,0,0,50188,1.17
citrus-bundle,100000,50.00,0.00,80,0,50,4713,2255,0,20343956,10182894,50805310,0,0,0,0,50026,1.17
citrus-bundle,100000,50.00,0.00,96,0,50,4526,2292,0,24077201,12050779,60132110,0,0,0,0,49972,1.17
citrus-lockfree,100000,50.00,0.00,1,0,50,680,523,0,2987943,1495575,7461840,0,0,0,0,0,0.00
citrus-lockfree,100000,50.00,0.00,16,0,50,566,377,0,35455608,17748794,88534070,0,0,0,0,0,0.00
citrus-lockfree,100000,50.00,0.00,32,0,50,738,455,0,46961945,23507934,117270055,0,0,0,0,0,0.00
citrus-lockfree,100000,50.00,0.00,48,0,50,889,509,0,53808784,26937124,134358300,0,0,0,0,0,0.00
citrus-lockfree,100000,50.00,0.00,64,0,50,2267,772,0,35568631,17804134,88822485,0,0,0,0,0,0.00
citrus-lockfree,100000,50.00,0.00,80,0,50,2886,851,0,33887605,16961802,84629015,0,0,0,0,0,0.00
citrus-lockfree,100000,50.00,0.00,96,0,50,3246,983,0,38129690,19086363,95216635,0,0,0,0,0,0.00
citrus-bundle,100000,0.00,100.00,1,0,50,0,0,2973,386016,0,0,386016,24,0,0,49787,1.17
citrus-bundle,100000,0.00,100.00,16,0,50,0,0,2848,5879623,0,0,5879623,24,0,0,49901,1.17
citrus-bundle,100000,0.00,100.00,32,0,50,0,0,3519,9474510,0,0,9474510,25,0,0,50307,1.17
citrus-bundle,100000,0.00,100.00,48,0,50,0,0,4246,11940799,0,0,11940799,25,0,0,50172,1.17
citrus-bundle,100000,0.00,100.00,64,0,50,0,0,3720,16827626,0,0,16827626,24,0,0,49885,1.17
citrus-bundle,100000,0.00,100.00,80,0,50,0,0,5061,18623686,0,0,18623686,25,0,0,50039,1.17
citrus-bundle,100000,0.00,100.00,96,0,50,0,0,4503,22045889,0,0,22045889,25,0,0,50357,1.17
citrus-lockfree,100000,0.00,100.00,1,0,50,0,0,2298,624826,0,0,624826,24,0,0,0,0.00
citrus-lockfree,100000,0.00,100.00,16,0,50,0,0,2941,5605757,0,0,5605757,24,0,45,0,0.00
citrus-lockfree,100000,0.00,100.00,32,0,50,0,0,5655,5541225,0,0,5541225,24,0,93,0,0.00
citrus-lockfree,100000,0.00,100.00,48,0,50,0,0,8489,5310025,0,0,5310025,25,0,141,0,0.00
citrus-lockfree,100000,0.00,100.00,64,0,50,0,0,11812,5612434,0,0,5612434,25,0,189,0,0.00
citrus-lockfree,100000,0.00,100.00,80,0,50,0,0,18381,5254702,0,0,5254702,25,0,237,0,0.00
citrus-lockfree,100000,0.00,100.00,96,0,50,0,0,19001,4725491,0,0,4725491,25,0,285,0,0.00
citrus-bundle,100000,0.20,98.00,1,0,50,1133,438,3069,391236,756,34135,383653,24,0,0,49980,1.17
citrus-bundle,100000,0.20,98.00,16,0,50,1167,472,2819,6022328,11922,531620,5904082,24,0,0,49777,1.17
citrus-bundle,100000,0.20,98.00,32,0,50,1481,591,3563,9659634,19193,849955,9470450,25,0,0,50383,1.17
citrus-bundle,100000,0.20,98.00,48,0,50,1788,666,3989,12165483,24491,1069805,11927031,25,0,0,50046,1.17
citrus-bundle,100000,0.20,98.00,64,0,50,1934,661,3798,17168453,34437,1512925,16831431,25,0,0,50109,1.17
citrus-bundle,100000,0.20,98.00,80,0,50,2309,833,5286,17528448,35220,1541000,17185028,25,0,0,50130,1.17
citrus-bundle,100000,0.20,98.00,96,0,50,2376,884,4744,20578193,41307,1812490,20174388,25,0,0,49770,1.17
citrus-lockfree,100000,0.20,98.00,1,0,50,603,315,2281,636949,1280,56395,624390,24,0,0,0,0.00
citrus-lockfree,100000,0.20,98.00,16,0,50,656,370,2959,5781141,11682,508790,5667701,24,0,45,0,0.00
citrus-lockfree,100000,0.20,98.00,32,0,50,1064,599,5813,5600588,11228,493965,5490567,25,0,91,0,0.00
citrus-lockfree,100000,0.20,98.00,48,0,50,1305,768,8899,5243096,10345,462160,5140319,25,0,141,0,0.00
citrus-lockfree,100000,0.20,98.00,64,0,50,2177,952,10682,5916990,11861,521020,5800925,24,0,189,0,0.00
citrus-lockfree,100000,0.20,98.00,80,0,50,3250,1313,18564,5016896,9979,442310,4918455,24,0,237,0,0.00
citrus-lockfree,100000,0.20,98.00,96,0,50,4585,2161,23969,4557780,9075,401370,4468431,25,0,285,0,0.00
citrus-bundle,100000,1.00,90.00,1,0,50,962,443,3343,417775,4174,185640,376473,24,0,0,49962,1.17
citrus-bundle,100000,1.00,90.00,16,0,50,1108,467,2997,6395893,63796,2845510,5762995,25,0,0,49925,1.17
citrus-bundle,100000,1.00,90.00,32,0,50,1346,557,3348,10304748,103193,4583320,9284891,25,0,0,49837,1.17
citrus-bundle,100000,1.00,90.00,48,0,50,1599,614,4020,13001609,130551,5786515,11713755,25,0,0,50026,1.17
citrus-bundle,100000,1.00,90.00,64,0,50,1804,616,3684,18130423,181581,8064740,16335894,24,0,0,49812,1.17
citrus-bundle,100000,1.00,90.00,80,0,50,2055,712,4205,20170638,201860,8974340,18173910,25,0,0,49823,1.17
citrus-bundle,100000,1.00,90.00,96,0,50,2088,721,4649,22873123,228606,10170290,20610459,25,0,0,50090,1.17
citrus-lockfree,100000,1.00,90.00,1,0,50,505,316,2201,680783,6818,302125,613540,24,0,0,0,0.00
citrus-lockfree,100000,1.00,90.00,16,0,50,604,375,2974,6085477,61198,2703935,5483492,25,0,45,0,0.00
citrus-lockfree,100000,1.00,90.00,32,0,50,954,579,5737,5977988,59664,2659595,5386405,25,0,93,0,0.00
citrus-lockfree,100000,1.00,90.00,48,0,50,1201,707,8713,5644101,56500,2510815,5085438,24,0,141,0,0.00
citrus-lockfree,100000,1.00,90.00,64,0,50,2467,939,11411,6115312,61398,2721050,5509704,24,0,189,0,0.00
citrus-lockfree,100000,1.00,90.00,80,0,50,2908,1142,17308,5687788,56698,2528200,5125450,24,0,237,0,0.00
citrus-lockfree,100000,1.00,90.00,96,0,50,3633,1676,23949,5333474,53344,2373225,4805485,24,0,285,0,0.00
citrus-bundle,100000,2.00,80.00,1,0,50,895,441,3074,458137,9231,409915,366923,25,0,0,50155,1.17
citrus-bundle,100000,2.00,80.00,16,0,50,1043,462,2872,7070214,141774,6330585,5662323,25,0,0,50247,1.17
citrus-bundle,100000,2.00,80.00,32,0,50,1243,544,3402,11354950,227621,10161650,9094999,25,0,0,49851,1.17
citrus-bundle,100000,2.00,80.00,48,0,50,1463,591,3744,14203931,284221,12714400,11376830,25,0,0,49904,1.17
citrus-bundle,100000,2.00,80.00,64,0,50,1689,631,3694,19341036,387117,17315295,15490860,24,0,0,50097,1.17
citrus-bundle,100000,2.00,80.00,80,0,50,2028,900,5518,21571413,431765,19312655,17277117,25,0,0,50077,1.17
citrus-bundle,100000,2.00,80.00,96,0,50,3170,893,4880,23366619,467625,20925470,18713900,25,0,0,50027,1.17
citrus-lockfree,100000,2.00,80.00,1,0,50,433,324,1888,738361,14769,660910,591410,24,0,0,0,0.00
citrus-lockfree,100000,2.00,80.00,16,0,50,570,373,2932,6752400,135220,6038600,5409460,25,0,45,0,0.00
citrus-lockfree,100000,2.00,80.00,32,0,50,928,541,5851,6788775,136169,6077965,5437013,25,0,93,0,0.00
citrus-lockfree,100000,2.00,80.00,48,0,50,1215,645,8708,6214526,124717,5565855,4976638,25,0,141,0,0.00
citrus-lockfree,100000,2.00,80.00,64,0,50,2216,912,11561,6494325,130054,5813805,5201510,25,0,189,0,0.00
citrus-lockfree,100000,2.00,80.00,80,0,50,3192,1235,19093,5883157,117354,5259915,4713820,25,0,237,0,0.00
citrus-lockfree,100000,2.00,80.00,96,0,50,3599,1503,20212,5834293,116700,5217990,4673995,25,0,285,0,0.00
citrus-bundle,100000,5.00,50.00,1,0,50,782,482,3073,655197,32652,1473025,327940,24,0,0,50152,1.17
citrus-bundle,100000,5.00,50.00,16,0,50,893,474,2855,9894280,494956,22226405,4954043,24,0,0,49920,1.17
citrus-bundle,100000,5.00,50.00,32,0,50,1082,557,3362,16044112,801682,36052955,8031839,25,0,0,49900,1.17
citrus-bundle,100000,5.00,50.00,48,0,50,1292,690,3964,19647749,984393,44148220,9833712,24,0,0,50213,1.17
citrus-bundle,100000,5.00,50.00,64,0,50,1692,615,3815,25425277,1272996,57127865,12726708,24,0,0,49977,1.17
citrus-bundle,100000,5.00,50.00,80,0,50,1758,871,4142,29937019,1498900,67260700,14985979,25,0,0,50072,1.17
citrus-bundle,100000,5.00,50.00,96,0,50,1814,645,4119,33046232,1654019,74242535,16543706,25,0,0,50196,1.17
citrus-lockfree,100000,5.00,50.00,1,0,50,479,441,2456,1022063,51210,2294565,511940,24,0,0,0,0.00
citrus-lockfree,100000,5.00,50.00,16,0,50,540,375,2949,9810833,490634,22046390,4910921,25,0,45,0,0.00
citrus-lockfree,100000,5.00,50.00,32,0,50,786,505,5524,10444473,522508,23468720,5228221,24,0,93,0,0.00
citrus-lockfree,100000,5.00,50.00,48,0,50,991,596,8862,9626235,481977,21631385,4817981,24,0,130,0,0.00
citrus-lockfree,100000,5.00,50.00,64,0,50,2390,761,12380,9164513,459644,20588785,4587112,25,0,190,0,0.00
citrus-lockfree,100000,5.00,50.00,80,0,50,3458,797,16141,8464083,423246,19018325,4237172,25,0,238,0,0.00
citrus-lockfree,100000,5.00,50.00,96,0,50,3177,973,21079,8131661,407057,18270460,4070512,25,0,286,0,0.00
citrus-bundle,100000,8.00,20.00,1,0,50,604,411,2861,1165036,93371,4191060,233453,24,0,0,50116,1.17
citrus-bundle,100000,8.00,20.00,16,0,50,836,478,2881,17336344,1387647,62384120,3471873,25,0,0,50024,1.17
citrus-bundle,100000,8.00,20.00,32,0,50,1033,527,3400,27133684,2173670,97640110,5431992,25,0,0,50145,1.17
citrus-bundle,100000,8.00,20.00,48,0,50,1225,607,3800,33425915,2678051,120286225,6690619,25,0,0,50307,1.17
citrus-bundle,100000,8.00,20.00,64,0,50,1718,748,4181,38431562,3077955,138287250,7696157,24,0,0,50171,1.17
citrus-bundle,100000,8.00,20.00,80,0,50,2027,614,4322,42332147,3389922,152339355,8474354,24,0,0,50006,1.17
citrus-bundle,100000,8.00,20.00,96,0,50,2684,585,4331,49199115,3940048,177036445,9851778,25,0,0,50007,1.17
citrus-lockfree,100000,8.00,20.00,1,0,50,464,489,2063,1750230,140249,6296805,350620,25,0,0,0,0.00
citrus-lockfree,100000,8.00,20.00,16,0,50,533,386,3102,18050560,1446876,64951150,3613454,25,0,45,0,0.00
citrus-lockfree,100000,8.00,20.00,32,0,50,695,515,5527,21733975,1741227,78203675,4352013,25,0,94,0,0.00
citrus-lockfree,100000,8.00,20.00,48,0,50,805,515,8468,20943071,1677854,75355885,4194040,24,0,143,0,0.00
citrus-lockfree,100000,8.00,20.00,64,0,50,2261,543,14671,17562978,1406563,63194280,3517559,25,0,193,0,0.00
citrus-lockfree,100000,8.00,20.00,80,0,50,3338,611,20852,15960990,1278873,57438170,3194483,24,0,242,0,0.00
citrus-lockfree,100000,8.00,20.00,96,0,50,3408,637,24532,15272002,1222600,54960040,3057394,24,0,293,0,0.00
citrus-bundle,100000,9.00,10.00,1,0,50,601,607,2758,1641623,147926,6646655,164366,24,0,0,49878,1.17
citrus-bundle,100000,9.00,10.00,16,0,50,794,488,2839,23624087,2126648,95652770,2366885,25,0,0,50092,1.17
citrus-bundle,100000,9.00,10.00,32,0,50,977,599,3394,36422370,3282017,147470850,3646183,24,0,0,50213,1.17
citrus-bundle,100000,9.00,10.00,48,0,50,1124,588,3903,44652122,4024056,180786635,4470739,24,0,0,50395,1.17
citrus-bundle,100000,9.00,10.00,64,0,50,1754,950,4477,48491434,4369594,196330655,4855709,25,0,0,50153,1.17
citrus-bundle,100000,9.00,10.00,80,0,50,2090,800,4634,53990052,4864331,218593640,5406993,24,0,0,49825,1.17
citrus-bundle,100000,9.00,10.00,96,0,50,2742,600,4771,58473773,5268833,236752680,5854404,24,0,0,49984,1.17
citrus-lockfree,100000,9.00,10.00,1,0,50,380,331,1686,2324423,209563,9411020,232656,25,0,0,0,0.00
citrus-lockfree,100000,9.00,10.00,16,0,50,544,469,3276,25495625,2295843,103238620,2552058,25,0,46,0,0.00
citrus-lockfree,100000,9.00,10.00,32,0,50,664,445,5505,32533470,2929979,131734675,3256556,25,0,95,0,0.00
citrus-lockfree,100000,9.00,10.00,48,0,50,783,537,8635,33286138,2998248,134780510,3331788,25,0,145,0,0.00
citrus-lockfree,100000,9.00,10.00,64,0,50,1687,504,14954,28930605,2606122,117132495,2897984,25,0,197,0,0.00
citrus-lockfree,100000,9.00,10.00,80,0,50,2405,553,21445,26622979,2398695,107791535,2665977,24,0,246,0,0.00
citrus-lockfree,100000,9.00,10.00,96,0,50,2846,797,30097,24736251,2229207,100154955,2476053,24,0,296,0,0.00
citrus-bundle,100000,9.80,2.00,1,0,50,614,713,3361,2472248,242995,10899365,49380,24,0,0,49954,1.17
citrus-bundle,100000,9.80,2.00,16,0,50,838,776,3077,34526354,3387775,152240300,690519,25,0,0,50105,1.17
citrus-bundle,100000,9.80,2.00,32,0,50,1003,747,3810,50222850,4927590,221449140,1005432,25,0,0,49846,1.17
citrus-bundle,100000,9.80,2.00,48,0,50,1104,530,4363,61501222,6035919,271169235,1231456,25,0,0,50220,1.17
citrus-bundle,100000,9.80,2.00,64,0,50,1987,552,5947,58815322,5772982,259331300,1176080,25,0,0,50157,1.17
citrus-bundle,100000,9.80,2.00,80,0,50,2420,677,6469,64087965,6286683,282593920,1282498,25,0,0,50230,1.17
citrus-bundle,100000,9.80,2.00,96,0,50,2822,655,6895,67100804,6584641,295855915,1344980,24,0,0,50272,1.17
citrus-lockfree,100000,9.80,2.00,1,0,50,492,640,1743,3239970,317607,14287415,64880,25,0,0,0,0.00
citrus-lockfree,100000,9.80,2.00,16,0,50,537,453,3470,39800709,3906618,175484940,797103,24,0,47,0,0.00
citrus-lockfree,100000,9.80,2.00,32,0,50,649,411,6333,56212670,5516898,247852100,1125352,25,0,99,0,0.00
citrus-lockfree,100000,9.80,2.00,48,0,50,801,718,10189,64310531,6309799,283571155,1286501,25,0,151,0,0.00
citrus-lockfree,100000,9.80,2.00,64,0,50,1286,581,13941,67581293,6628451,297997445,1353353,25,0,203,0,0.00
citrus-lockfree,100000,9.80,2.00,80,0,50,1407,600,16888,76870528,7543180,338936535,1540041,24,0,256,0,0.00
citrus-lockfree,100000,9.80,2.00,96,0,50,1753,623,25396,73869691,7248952,325706840,1479371,25,0,309,0,0.00
citrus-bundle,100000,10.00,0.00,1,0,50,504,330,0,2794879,279828,12575255,0,0,0,0,49930,1.17
citrus-bundle,100000,10.00,0.00,16,0,50,700,392,0,39001993,3903804,175490945,0,0,0,0,49790,1.17
citrus-bundle,100000,10.00,0.00,32,0,50,925,582,0,55119454,5518964,248002450,0,0,0,0,49958,1.17
citrus-bundle,100000,10.00,0.00,48,0,50,1085,499,0,66834370,6691010,300716800,0,0,0,0,49960,1.17
citrus-bundle,100000,10.00,0.00,64,0,50,2151,822,0,61536367,6162499,276869340,0,0,0,0,49874,1.17
citrus-bundle,100000,10.00,0.00,80,0,50,2917,859,0,62018966,6209372,279047970,0,0,0,0,50081,1.17
citrus-bundle,100000,10.00,0.00,96,0,50,3990,577,0,67399230,6748583,303253235,0,0,0,0,50066,1.17
citrus-lockfree,100000,10.00,0.00,1,0,50,395,400,0,3330951,333352,14987995,0,0,0,0,0,0.00
citrus-lockfree,100000,10.00,0.00,16,0,50,567,626,0,45817482,4585509,206159865,0,0,0,0,0,0.00
citrus-lockfree,100000,10.00,0.00,32,0,50,643,470,0,68895542,6896713,309994145,0,0,0,0,0,0.00
citrus-lockfree,100000,10.00,0.00,48,0,50,761,562,0,83656606,8377274,376396660,0,0,0,0,0,0.00
citrus-lockfree,100000,10.00,0.00,64,0,50,1606,545,0,81622826,8174827,367239995,0,0,0,0,0,0.00
citrus-lockfree,100000,10.00,0.00,80,0,50,2303,592,0,85719635,8583357,385681390,0,0,0,0,0,0.00
citrus-lockfree,100000,10.00,0.00,96,0,50,2636,579,0,92159998,9226139,414669295,0,0,0,0,0,0.00
citrus-bundle,100000,0.00,100.00,1,0,50,0,0,3207,391286,0,0,391286,24,0,0,49595,1.16
citrus-bundle,100000,0.00,100.00,16,0,50,0,0,2883,5855580,0,0,5855580,25,0,0,50278,1.17
citrus-bundle,100000,0.00,100.00,32,0,50,0,0,3388,9618444,0,0,9618444,25,0,0,50123,1.17
citrus-bundle,100000,0.00,100.00,48,0,50,0,0,4266,11927505,0,0,11927505,24,0,0,49797,1.17
citrus-bundle,100000,0.00,100.00,64,0,50,0,0,3708,17161641,0,0,17161641,25,0,0,50129,1.17
citrus-bundle,100000,0.00,100.00,80,0,50,0,0,3864,20567591,0,0,20567591,25,0,0,50199,1.17
citrus-bundle,100000,0.00,100.00,96,0,50,0,0,3876,23538168,0,0,23538168,24,0,0,49943,1.17
citrus-lockfree,100000,0.00,100.00,1,0,50,0,0,1775,627560,0,0,627560,24,0,0,0,0.00
citrus-lockfree,100000,0.00,100.00,16,0,50,0,0,3079,5662039,0,0,5662039,25,0,45,0,0.00
citrus-lockfree,100000,0.00,100.00,32,0,50,0,0,5661,5505620,0,0,5505620,25,0,93,0,0.00
citrus-lockfree,100000,0.00,100.00,48,0,50,0,0,8670,5167763,0,0,5167763,25,0,141,0,0.00
citrus-lockfree,100000,0.00,100.00,64,0,50,0,0,11637,5525285,0,0,5525285,24,0,189,0,0.00
citrus-lockfree,100000,0.00,100.00,80,0,50,0,0,13415,5855484,0,0,5855484,25,0,237,0,0.00
citrus-lockfree,100000,0.00,100.00,96,0,50,0,0,18635,5105212,0,0,5105212,25,0,285,0,0.00
citrus-bundle,100000,1.80,98.00,1,0,50,956,454,3073,388336,6976,3820,380596,24,0,0,49924,1.17
citrus-bundle,100000,1.80,98.00,16,0,50,1063,515,2878,5972828,107349,58630,5853753,25,0,0,49958,1.17
citrus-bundle,100000,1.80,98.00,32,0,50,1269,611,3412,9638008,173594,94265,9445561,25,0,0,50109,1.17
citrus-bundle,100000,1.80,98.00,48,0,50,1518,709,4029,12018118,216866,117755,11777701,25,0,0,50096,1.17
citrus-bundle,100000,1.80,98.00,64,0,50,1776,728,3842,16644634,299678,162605,16312435,25,0,0,50052,1.17
citrus-bundle,100000,1.80,98.00,80,0,50,1824,791,4105,19895142,358603,194725,19497594,25,0,0,50259,1.17
citrus-bundle,100000,1.80,98.00,96,0,50,2013,881,3977,22299182,402006,217885,21853599,25,0,0,49866,1.18
citrus-lockfree,100000,1.80,98.00,1,0,50,449,357,1828,628981,11326,6145,616426,24,0,0,0,0.00
citrus-lockfree,100000,1.80,98.00,16,0,50,592,420,3139,5668770,101875,55060,5555883,25,0,45,0,0.00
citrus-lockfree,100000,1.80,98.00,32,0,50,957,653,5886,5479931,98757,53455,5370483,24,0,93,0,0.00
citrus-lockfree,100000,1.80,98.00,48,0,50,1187,814,8711,5259906,94999,51765,5154554,25,0,141,0,0.00
citrus-lockfree,100000,1.80,98.00,64,0,50,2204,1190,11247,5281153,94962,51875,5175816,24,0,189,0,0.00
citrus-lockfree,100000,1.80,98.00,80,0,50,3019,1373,15011,5070342,91535,49380,4968931,25,0,237,0,0.00
citrus-lockfree,100000,1.80,98.00,96,0,50,4765,2561,23097,4166546,75120,40830,4083260,25,0,285,0,0.00
citrus-bundle,100000,9.00,90.00,1,0,50,763,431,2924,415090,37459,20290,373573,24,0,0,49894,1.17
citrus-bundle,100000,9.00,90.00,16,0,50,919,496,2885,6209810,559424,304595,5589467,24,0,0,49761,1.17
citrus-bundle,100000,9.00,90.00,32,0,50,1166,646,3512,9948079,896224,484685,8954918,25,0,0,49814,1.17
citrus-bundle,100000,9.00,90.00,48,0,50,1362,783,4120,12101727,1091337,593345,10891721,25,0,0,50220,1.17
citrus-bundle,100000,9.00,90.00,64,0,50,1886,986,3997,15521670,1399417,758960,13970461,25,0,0,49982,1.17
citrus-bundle,100000,9.00,90.00,80,0,50,2034,1062,4658,17323322,1560630,846890,15593314,25,0,0,50120,1.17
citrus-bundle,100000,9.00,90.00,96,0,50,2067,1081,4498,19649791,1770111,961805,17687319,25,0,0,50187,1.17
citrus-lockfree,100000,9.00,90.00,1,0,50,486,330,2377,667508,60324,32820,600620,24,0,0,0,0.00
citrus-lockfree,100000,9.00,90.00,16,0,50,564,389,3184,5979116,538914,292250,5381752,25,0,44,0,0.00
citrus-lockfree,100000,9.00,90.00,32,0,50,809,576,5780,6042632,543974,297035,5439251,25,0,93,0,0.00
citrus-lockfree,100000,9.00,90.00,48,0,50,1092,802,8946,5463229,492183,267260,4917594,25,0,141,0,0.00
citrus-lockfree,100000,9.00,90.00,64,0,50,2473,1147,12267,5245869,472671,256335,4721931,25,0,190,0,0.00
citrus-lockfree,100000,9.00,90.00,80,0,50,2846,1264,15243,5293102,476779,258015,4764720,24,0,238,0,0.00
citrus-lockfree,100000,9.00,90.00,96,0,50,3480,1716,18816,4932054,443805,241325,4439984,25,0,286,0,0.00
citrus-bundle,100000,18.00,80.00,1,0,50,744,441,2976,438281,78720,42825,350996,24,0,0,50056,1.17
citrus-bundle,100000,18.00,80.00,16,0,50,932,523,2951,6621377,1192832,647130,5299119,24,0,0,49680,1.17
citrus-bundle,100000,18.00,80.00,32,0,50,1160,693,3496,10407005,1874465,1017150,8329110,25,0,0,50131,1.17
citrus-bundle,100000,18.00,80.00,48,0,50,1402,899,4171,12584272,2268306,1230045,10069957,25,0,0,50293,1.17
citrus-bundle,100000,18.00,80.00,64,0,50,2189,1240,4280,14780507,2664274,1445000,11827233,25,0,0,49953,1.17
citrus-bundle,100000,18.00,80.00,80,0,50,2254,1263,4764,17132653,3087638,1673350,13710345,24,0,0,49892,1.17
citrus-bundle,100000,18.00,80.00,96,0,50,2846,1398,4814,18226442,3285494,1785765,14583795,24,0,0,50082,1.17
citrus-lockfree,100000,18.00,80.00,1,0,50,536,333,2833,715180,128946,69670,572300,25,0,0,0,0.00
citrus-lockfree,100000,18.00,80.00,16,0,50,569,385,3198,6458457,1164411,631175,5167811,25,0,45,0,0.00
citrus-lockfree,100000,18.00,80.00,32,0,50,766,556,5648,6622576,1193443,647975,5299538,25,0,94,0,0.00
citrus-lockfree,100000,18.00,80.00,48,0,50,992,755,8947,5988400,1080098,585975,4791107,25,0,143,0,0.00
citrus-lockfree,100000,18.00,80.00,64,0,50,2189,965,13163,5734871,1033791,561180,4588844,24,0,192,0,0.00
citrus-lockfree,100000,18.00,80.00,80,0,50,2810,1137,17313,5294518,954311,516130,4236981,24,0,240,0,0.00
citrus-lockfree,100000,18.00,80.00,96,0,50,3198,1401,20863,4999177,901416,487660,4000229,25,0,290,0,0.00
citrus-bundle,100000,45.00,50.00,1,0,50,728,449,3018,562622,253292,137585,281813,24,0,0,49929,1.17
citrus-bundle,100000,45.00,50.00,16,0,50,988,588,3069,8143629,3668488,1990595,4077022,25,0,0,50255,1.17
citrus-bundle,100000,45.00,50.00,32,0,50,1341,860,3861,11988417,5400673,2930250,6001694,25,0,0,49976,1.17
citrus-bundle,100000,45.00,50.00,48,0,50,1803,1176,4716,14151662,6375796,3458710,7084124,24,0,0,50014,1.17
citrus-bundle,100000,45.00,50.00,64,0,50,3142,2167,6155,12917054,5819788,3156490,6465968,24,0,0,50420,1.17
citrus-bundle,100000,45.00,50.00,80,0,50,3621,1940,6493,14791160,6663908,3613455,7404561,25,0,0,49852,1.17
citrus-bundle,100000,45.00,50.00,96,0,50,3629,2150,6633,15512789,6987731,3791420,7766774,24,0,0,50112,1.17
citrus-lockfree,100000,45.00,50.00,1,0,50,426,306,1763,992022,446985,242705,496496,25,0,0,0,0.00
citrus-lockfree,100000,45.00,50.00,16,0,50,546,371,3287,8599637,3875250,2101610,4304065,25,0,47,0,0.00
citrus-lockfree,100000,45.00,50.00,32,0,50,711,476,5761,9458402,4261166,2311380,4734960,25,0,97,0,0.00
citrus-lockfree,100000,45.00,50.00,48,0,50,904,627,9310,8148672,3672292,1991060,4078168,24,0,147,0,0.00
citrus-lockfree,100000,45.00,50.00,64,0,50,2683,750,19939,5937292,2674288,1452215,2972561,24,0,200,0,0.00
citrus-lockfree,100000,45.00,50.00,80,0,50,3042,788,24546,6052486,2726415,1478765,3030318,25,0,252,0,0.00
citrus-lockfree,100000,45.00,50.00,96,0,50,2913,880,28406,5884443,2650327,1439150,2946286,24,0,302,0,0.00
citrus-bundle,100000,72.00,20.00,1,0,50,853,452,2944,844871,609319,332680,169016,24,0,0,50009,1.17
citrus-bundle,100000,72.00,20.00,16,0,50,1042,687,3173,10803389,7787513,4258270,2164222,25,0,0,49814,1.17
citrus-bundle,100000,72.00,20.00,32,0,50,1826,1049,4387,14306635,10311335,5648510,2865598,25,0,0,49974,1.17
citrus-bundle,100000,72.00,20.00,48,0,50,2154,1655,5124,16084506,11595007,6348550,3219789,25,0,0,50000,1.17
citrus-bundle,100000,72.00,20.00,64,0,50,4756,3235,8717,11665010,8408590,4598220,2336776,24,0,0,50283,1.17
citrus-bundle,100000,72.00,20.00,80,0,50,4977,3225,9465,12853033,9266744,5071930,2571903,24,0,0,50112,1.17
citrus-bundle,100000,72.00,20.00,96,0,50,5132,3841,9697,14075576,10147033,5558555,2816832,24,0,0,50011,1.17
citrus-lockfree,100000,72.00,20.00,1,0,50,680,314,2056,1596362,1150708,629790,319696,25,0,0,0,0.00
citrus-lockfree,100000,72.00,20.00,16,0,50,583,375,3917,13578095,9786680,5357390,2719937,25,0,51,0,0.00
citrus-lockfree,100000,72.00,20.00,32,0,50,691,459,6704,16225154,11698589,6402380,3246089,24,0,107,0,0.00
citrus-lockfree,100000,72.00,20.00,48,0,50,842,545,10373,15539378,11201795,6130430,3111497,25,0,161,0,0.00
citrus-lockfree,100000,72.00,20.00,64,0,50,2181,674,27110,9365072,6750574,3695330,1875432,24,0,226,0,0.00
citrus-lockfree,100000,72.00,20.00,80,0,50,2377,726,32837,10033460,7231955,3961405,2009224,25,0,278,0,0.00
citrus-lockfree,100000,72.00,20.00,96,0,50,2567,858,43824,9108184,6565534,3595435,1823563,25,0,341,0,0.00
citrus-bundle,100000,81.00,10.00,1,0,50,1073,434,2910,1052925,853830,468175,105460,25,0,0,49915,1.17
citrus-bundle,100000,81.00,10.00,16,0,50,1083,675,3345,12240970,9925953,5443295,1226358,24,0,0,50132,1.17
citrus-bundle,100000,81.00,10.00,32,0,50,1646,1175,4619,15138620,12278522,6726855,1514727,24,0,0,50244,1.17
citrus-bundle,100000,81.00,10.00,48,0,50,2519,2149,5848,16409086,13305815,7298240,1643623,24,0,0,50007,1.17
citrus-bundle,100000,81.00,10.00,64,0,50,4990,3509,9826,11483859,9311555,5105655,1151173,25,0,0,50132,1.17
citrus-bundle,100000,81.00,10.00,80,0,50,5807,3540,10984,12503386,10140619,5557100,1251347,25,0,0,50277,1.17
citrus-bundle,100000,81.00,10.00,96,0,50,5785,3362,11522,14154948,11479399,6294525,1416644,24,0,0,49804,1.17
citrus-lockfree,100000,81.00,10.00,1,0,50,390,298,1694,2037409,1652506,904865,203930,24,0,0,0,0.00
citrus-lockfree,100000,81.00,10.00,16,0,50,638,376,4212,17767134,14409690,7898075,1777829,24,0,55,0,0.00
citrus-lockfree,100000,81.00,10.00,32,0,50,736,464,7640,22271565,18060042,9904350,2230653,25,0,115,0,0.00
citrus-lockfree,100000,81.00,10.00,48,0,50,870,520,11947,22630339,18351346,10060090,2266975,25,0,176,0,0.00
citrus-lockfree,100000,81.00,10.00,64,0,50,1578,691,25182,15690859,12724090,6978260,1571117,24,0,242,0,0.00
citrus-lockfree,100000,81.00,10.00,80,0,50,2181,761,38317,14286549,11584418,6356050,1430921,25,0,317,0,0.00
citrus-lockfree,100000,81.00,10.00,96,0,50,2047,749,42746,15002646,12166622,6668165,1502391,24,0,386,0,0.00
citrus-bundle,100000,88.20,2.00,1,0,50,631,396,3482,1336460,1179974,648500,26786,24,0,0,49840,1.17
citrus-bundle,100000,88.20,2.00,16,0,50,1230,630,4029,14016960,12378271,6789830,280723,25,0,0,50052,1.17
citrus-bundle,100000,88.20,2.00,32,0,50,1825,1252,5502,15795865,13946936,7661380,316653,25,0,0,49803,1.17
citrus-bundle,100000,88.20,2.00,48,0,50,2754,1924,6759,16678003,14728069,8082415,333451,25,0,0,50307,1.17
citrus-bundle,100000,88.20,2.00,64,0,50,5896,3389,11897,11871246,10483020,5750385,238149,25,0,0,49862,1.17
citrus-bundle,100000,88.20,2.00,80,0,50,6389,4192,13663,12536399,11069233,6080665,251033,25,0,0,49935,1.17
citrus-bundle,100000,88.20,2.00,96,0,50,6610,3732,14685,14662655,12946659,7111285,293739,25,0,0,50197,1.17
citrus-lockfree,100000,88.20,2.00,1,0,50,754,334,1756,2645982,2336139,1284565,52930,25,0,0,0,0.00
citrus-lockfree,100000,88.20,2.00,16,0,50,653,376,5145,25567611,22576679,12392580,512416,25,0,63,0,0.00
citrus-lockfree,100000,88.20,2.00,32,0,50,771,471,10039,33326647,29427558,16156980,667693,24,0,134,0,0.00
citrus-lockfree,100000,88.20,2.00,48,0,50,892,542,16725,37066882,32731450,17966165,742199,24,0,214,0,0.00
citrus-lockfree,100000,88.20,2.00,64,0,50,1956,820,27973,25617101,22620521,12416390,513302,24,0,265,0,0.00
citrus-lockfree,100000,88.20,2.00,80,0,50,2272,902,34700,26706856,23581826,12949400,535150,25,0,338,0,0.00
citrus-lockfree,100000,88.20,2.00,96,0,50,2679,1210,52310,27223876,24039928,13192410,545466,24,0,430,0,0.00
citrus-bundle,100000,90.00,0.00,1,0,50,600,382,0,1917658,1728100,947790,0,0,0,0,49990,1.17
citrus-bundle,100000,90.00,0.00,16,0,50,1128,638,0,14466767,13035871,7154480,0,0,0,0,49552,1.17
citrus-bundle,100000,90.00,0.00,32,0,50,1988,1229,0,15726285,14170547,7778690,0,0,0,0,50052,1.17
citrus-bundle,100000,90.00,0.00,48,0,50,2780,1772,0,16811656,15149485,8310855,0,0,0,0,49797,1.17
citrus-bundle,100000,90.00,0.00,64,0,50,5643,3748,0,12610605,11362502,6240515,0,0,0,0,50070,1.17
citrus-bundle,100000,90.00,0.00,80,0,50,6480,3996,0,13259005,11946789,6561080,0,0,0,0,50294,1.17
citrus-bundle,100000,90.00,0.00,96,0,50,5948,4233,0,15457728,13928110,7648090,0,0,0,0,50164,1.17
citrus-lockfree,100000,90.00,0.00,1,0,50,503,300,0,2744288,2472446,1359210,0,0,0,0,0,0.00
citrus-lockfree,100000,90.00,0.00,16,0,50,997,411,0,28746571,25903833,14213690,0,0,0,0,0,0.00
citrus-lockfree,100000,90.00,0.00,32,0,50,770,464,0,36156883,32579729,17885770,0,0,0,0,0,0.00
citrus-lockfree,100000,90.00,0.00,48,0,50,1096,560,0,40622244,36601201,20105215,0,0,0,0,0,0.00
citrus-lockfree,100000,90.00,0.00,64,0,50,2406,912,0,25054206,22575227,12394895,0,0,0,0,0,0.00
citrus-lockfree,100000,90.00,0.00,80,0,50,3020,1050,0,25045948,22567978,12389850,0,0,0,0,0,0.00
citrus-lockfree,100000,90.00,0.00,96,0,50,3057,1000,0,29362120,26456236,14529420,0,0,0,0,0,0.00
citrus-bundle,100000,0.00,100.00,1,0,50,0,0,3060,392583,0,0,392583,24,0,0,49649,1.16
citrus-bundle,100000,0.00,100.00,16,0,50,0,0,2932,5866841,0,0,5866841,25,0,0,50244,1.17
citrus-bundle,100000,0.00,100.00,32,0,50,0,0,3466,9553054,0,0,9553054,25,0,0,50132,1.17
citrus-bundle,100000,0.00,100.00,48,0,50,0,0,3971,12079328,0,0,12079328,25,0,0,50013,1.17
citrus-bundle,100000,0.00,100.00,64,0,50,0,0,4013,17049150,0,0,17049150,25,0,0,50087,1.17
citrus-bundle,100000,0.00,100.00,80,0,50,0,0,3758,20803656,0,0,20803656,24,0,0,49988,1.17
citrus-bundle,100000,0.00,100.00,96,0,50,0,0,3961,23076216,0,0,23076216,25,0,0,50119,1.17
citrus-lockfree,100000,0.00,100.00,1,0,50,0,0,2526,619903,0,0,619903,25,0,0,0,0.00
citrus-lockfree,100000,0.00,100.00,16,0,50,0,0,3767,5503997,0,0,5503997,25,0,45,0,0.00
citrus-lockfree,100000,0.00,100.00,32,0,50,0,0,5671,5480653,0,0,5480653,25,0,93,0,0.00
citrus-lockfree,100000,0.00,100.00,48,0,50,0,0,8674,5161998,0,0,5161998,24,0,141,0,0.00
citrus-lockfree,100000,0.00,100.00,64,0,50,0,0,11014,5799604,0,0,5799604,25,0,189,0,0.00
citrus-lockfree,100000,0.00,100.00,80,0,50,0,0,13368,5820278,0,0,5820278,25,0,237,0,0.00
citrus-lockfree,100000,0.00,100.00,96,0,50,0,0,18124,5200283,0,0,5200283,24,0,285,0,0.00
citrus-bundle,100000,0.00,98.00,1,0,50,0,439,2941,398324,0,39255,390473,24,0,0,49728,1.16
citrus-bundle,100000,0.00,98.00,16,0,50,0,474,3078,5974965,0,585125,5857940,25,0,0,50069,1.17
citrus-bundle,100000,0.00,98.00,32,0,50,0,572,3443,9713487,0,950395,9523408,24,0,0,49993,1.17
citrus-bundle,100000,0.00,98.00,48,0,50,0,642,3935,12340445,0,1207330,12098979,24,0,0,49815,1.17
citrus-bundle,100000,0.00,98.00,64,0,50,0,621,3764,17543888,0,1715180,17200852,25,0,0,50117,1.17
citrus-bundle,100000,0.00,98.00,80,0,50,0,643,3860,21054110,0,2058955,20642319,24,0,0,49889,1.17
citrus-bundle,100000,0.00,98.00,96,0,50,0,743,4248,22774161,0,2227500,22328661,25,0,0,50282,1.17
citrus-lockfree,100000,0.00,98.00,1,0,50,0,322,1759,629154,0,61790,616796,25,0,0,0,0.00
citrus-lockfree,100000,0.00,98.00,16,0,50,0,379,3168,5786988,0,565970,5673794,24,0,45,0,0.00
citrus-lockfree,100000,0.00,98.00,32,0,50,0,619,6067,5305906,0,518280,5202250,25,0,93,0,0.00
citrus-lockfree,100000,0.00,98.00,48,0,50,0,763,8859,5188499,0,505790,5087341,24,0,141,0,0.00
citrus-lockfree,100000,0.00,98.00,64,0,50,0,926,11643,5714905,0,559080,5603089,25,0,189,0,0.00
citrus-lockfree,100000,0.00,98.00,80,0,50,0,1114,14153,5685130,0,552735,5574583,24,0,237,0,0.00
citrus-lockfree,100000,0.00,98.00,96,0,50,0,1745,15822,5609225,0,547120,5499801,24,0,285,0,0.00
citrus-bundle,100000,0.00,90.00,1,0,50,0,436,3161,421652,0,208810,379890,25,0,0,49853,1.17
citrus-bundle,100000,0.00,90.00,16,0,50,0,455,2877,6421269,0,3177610,5785747,25,0,0,50130,1.17
citrus-bundle,100000,0.00,90.00,32,0,50,0,543,3416,10461887,0,5176885,9426510,25,0,0,50240,1.17
citrus-bundle,100000,0.00,90.00,48,0,50,0,610,3805,12997981,0,6427965,11712388,25,0,0,50175,1.17
citrus-bundle,100000,0.00,90.00,64,0,50,0,604,4037,18558629,0,9184645,16721700,24,0,0,49935,1.17
citrus-bundle,100000,0.00,90.00,80,0,50,0,625,3959,22158853,0,10962075,19966438,25,0,0,50097,1.17
citrus-bundle,100000,0.00,90.00,96,0,50,0,718,4640,23848366,0,11795570,21489252,25,0,0,50124,1.17
citrus-lockfree,100000,0.00,90.00,1,0,50,0,318,1777,677232,0,335360,610160,24,0,0,0,0.00
citrus-lockfree,100000,0.00,90.00,16,0,50,0,370,2963,6251200,0,3093345,5632531,24,0,45,0,0.00
citrus-lockfree,100000,0.00,90.00,32,0,50,0,579,5965,5910665,0,2923500,5325965,24,0,93,0,0.00
citrus-lockfree,100000,0.00,90.00,48,0,50,0,695,8800,5640700,0,2792445,5082211,25,0,141,0,0.00
citrus-lockfree,100000,0.00,90.00,64,0,50,0,979,11748,6020239,0,2972875,5425664,25,0,189,0,0.00
citrus-lockfree,100000,0.00,90.00,80,0,50,0,1103,14651,5840225,0,2887850,5262655,25,0,237,0,0.00
citrus-lockfree,100000,0.00,90.00,96,0,50,0,1756,19489,5435447,0,2688280,4897791,25,0,285,0,0.00
citrus-bundle,100000,0.00,80.00,1,0,50,0,442,3023,460970,0,458385,369293,25,0,0,49965,1.17
citrus-bundle,100000,0.00,80.00,16,0,50,0,452,2908,7130436,0,7096870,5711062,24,0,0,49954,1.17
citrus-bundle,100000,0.00,80.00,32,0,50,0,550,3397,11287932,0,11242985,9039335,25,0,0,50156,1.17
citrus-bundle,100000,0.00,80.00,48,0,50,0,589,3827,14658918,0,14585010,11741916,25,0,0,50070,1.17
citrus-bundle,100000,0.00,80.00,64,0,50,0,582,3721,20508712,0,20414790,16425754,25,0,0,50186,1.17
citrus-bundle,100000,0.00,80.00,80,0,50,0,604,3752,24822534,0,24700480,19882438,25,0,0,50098,1.17
citrus-bundle,100000,0.00,80.00,96,0,50,0,670,4084,27231327,0,27106390,21810049,24,0,0,49842,1.17
citrus-lockfree,100000,0.00,80.00,1,0,50,0,349,2278,732970,0,730350,586900,25,0,0,0,0.00
citrus-lockfree,100000,0.00,80.00,16,0,50,0,370,2885,6901092,0,6859850,5529122,25,0,45,0,0.00
citrus-lockfree,100000,0.00,80.00,32,0,50,0,540,5816,6593146,0,6564700,5280206,24,0,93,0,0.00
citrus-lockfree,100000,0.00,80.00,48,0,50,0,637,8740,6285146,0,6254265,5034293,25,0,141,0,0.00
citrus-lockfree,100000,0.00,80.00,64,0,50,0,873,11506,6813691,0,6784925,5456706,24,0,189,0,0.00
citrus-lockfree,100000,0.00,80.00,80,0,50,0,978,13628,7022587,0,6992760,5624035,25,0,237,0,0.00
citrus-lockfree,100000,0.00,80.00,96,0,50,0,1322,16128,6589439,0,6563505,5276738,24,0,249,0,0.00
citrus-bundle,100000,0.00,50.00,1,0,50,0,491,3086,670916,0,1674550,336006,24,0,0,49818,1.17
citrus-bundle,100000,0.00,50.00,16,0,50,0,488,2998,10153396,0,25351040,5083188,25,0,0,50119,1.17
citrus-bundle,100000,0.00,50.00,32,0,50,0,590,3676,16765224,0,41865735,8392077,24,0,0,49807,1.17
citrus-bundle,100000,0.00,50.00,48,0,50,0,563,3721,21051792,0,52568550,10538082,25,0,0,50062,1.17
citrus-bundle,100000,0.00,50.00,64,0,50,0,576,3709,29880779,0,74632650,14954249,24,0,0,49986,1.17
citrus-bundle,100000,0.00,50.00,80,0,50,0,573,3660,36397950,0,90885970,18220756,24,0,0,49924,1.17
citrus-bundle,100000,0.00,50.00,96,0,50,0,606,3812,40951752,0,102277430,20496266,25,0,0,50013,1.17
citrus-lockfree,100000,0.00,50.00,1,0,50,0,435,2288,1038484,0,2594920,519500,24,0,0,0,0.00
citrus-lockfree,100000,0.00,50.00,16,0,50,0,371,2926,9948848,0,24845625,4979723,25,0,45,0,0.00
citrus-lockfree,100000,0.00,50.00,32,0,50,0,516,5696,10152371,0,25347235,5082924,24,0,93,0,0.00
citrus-lockfree,100000,0.00,50.00,48,0,50,0,590,8629,9741823,0,24333385,4875146,25,0,141,0,0.00
citrus-lockfree,100000,0.00,50.00,64,0,50,0,840,11560,10186425,0,25437325,5098960,25,0,189,0,0.00
citrus-lockfree,100000,0.00,50.00,80,0,50,0,957,14911,9453901,0,23599945,4733912,25,0,237,0,0.00
citrus-lockfree,100000,0.00,50.00,96,0,50,0,1038,20703,8872526,0,22151230,4442280,25,0,285,0,0.00
citrus-bundle,100000,0.00,20.00,1,0,50,0,522,2860,1258874,0,5034170,252040,25,0,0,50067,1.17
citrus-bundle,100000,0.00,20.00,16,0,50,0,402,2711,19082002,0,76313970,3819208,24,0,0,49996,1.17
citrus-bundle,100000,0.00,20.00,32,0,50,0,538,3334,30642498,0,122523070,6137884,25,0,0,50390,1.17
citrus-bundle,100000,0.00,20.00,48,0,50,0,521,3609,39603309,0,158351830,7932943,24,0,0,49722,1.17
citrus-bundle,100000,0.00,20.00,64,0,50,0,562,3592,56511165,0,225978935,11315378,24,0,0,49810,1.17
citrus-bundle,100000,0.00,20.00,80,0,50,0,864,5344,59502503,0,237943580,11913787,25,0,0,50469,1.17
citrus-bundle,100000,0.00,20.00,96,0,50,0,695,4644,64447454,0,257748280,12897798,24,0,0,49946,1.17
citrus-lockfree,100000,0.00,20.00,1,0,50,0,344,1710,1798602,0,7193280,359946,24,0,0,0,0.00
citrus-lockfree,100000,0.00,20.00,16,0,50,0,347,2857,19323239,0,77267450,3869749,25,0,45,0,0.00
citrus-lockfree,100000,0.00,20.00,32,0,50,0,498,5189,23193368,0,92751000,4643168,25,0,93,0,0.00
citrus-lockfree,100000,0.00,20.00,48,0,50,0,538,8416,21742397,0,86950470,4352303,24,0,141,0,0.00
citrus-lockfree,100000,0.00,20.00,64,0,50,0,580,10036,25128549,0,100474355,5033678,25,0,189,0,0.00
citrus-lockfree,100000,0.00,20.00,80,0,50,0,875,17883,19019741,0,76062640,3807213,24,0,237,0,0.00
citrus-lockfree,100000,0.00,20.00,96,0,50,0,752,17065,19776762,0,79081540,3960454,25,0,285,0,0.00
citrus-bundle,100000,0.00,10.00,1,0,50,0,363,2737,1869318,0,8411875,186943,24,0,0,49570,1.16
citrus-bundle,100000,0.00,10.00,16,0,50,0,455,2721,27462846,0,123579805,2746885,25,0,0,50070,1.17
citrus-bundle,100000,0.00,10.00,32,0,50,0,445,3141,44762736,0,201408220,4481092,24,0,0,49918,1.17
citrus-bundle,100000,0.00,10.00,48,0,50,0,534,3673,56127191,0,252540145,5619162,25,0,0,50407,1.17
citrus-bundle,100000,0.00,10.00,64,0,50,0,542,3511,80421804,0,361860975,8049609,24,0,0,49834,1.17
citrus-bundle,100000,0.00,10.00,80,0,50,0,649,4421,86198222,0,387842860,8629650,25,0,0,50143,1.17
citrus-bundle,100000,0.00,10.00,96,0,50,0,505,3683,103407096,0,465274125,10352271,24,0,0,49954,1.17
citrus-lockfree,100000,0.00,10.00,1,0,50,0,549,1917,2419226,0,10886430,241940,25,0,0,0,0.00
citrus-lockfree,100000,0.00,10.00,16,0,50,0,514,3052,28113866,0,126507705,2812325,25,0,45,0,0.00
citrus-lockfree,100000,0.00,10.00,32,0,50,0,458,5062,35746774,0,160840195,3578735,25,0,93,0,0.00
citrus-lockfree,100000,0.00,10.00,48,0,50,0,488,7837,36733754,0,165283305,3677093,24,0,141,0,0.00
citrus-lockfree,100000,0.00,10.00,64,0,50,0,537,9608,43038038,0,193659265,4306185,25,0,189,0,0.00
citrus-lockfree,100000,0.00,10.00,80,0,50,0,660,13401,42565640,0,191530390,4259562,24,0,237,0,0.00
citrus-lockfree,100000,0.00,10.00,96,0,50,0,634,16280,37896353,0,170510660,3794221,25,0,285,0,0.00
citrus-bundle,100000,0.00,2.00,1,0,50,0,327,3246,3022999,0,14811715,60656,25,0,0,50062,1.17
citrus-bundle,100000,0.00,2.00,16,0,50,0,351,2687,44475192,0,217921740,890844,24,0,0,49912,1.17
citrus-bundle,100000,0.00,2.00,32,0,50,0,398,3260,70575595,0,345810130,1413569,25,0,0,50270,1.17
citrus-bundle,100000,0.00,2.00,48,0,50,0,580,3633,91832234,0,449969190,1838396,25,0,0,50276,1.17
citrus-bundle,100000,0.00,2.00,64,0,50,0,641,3558,128395607,0,629130595,2569488,25,0,0,50078,1.17
citrus-bundle,100000,0.00,2.00,80,0,50,0,579,4403,131233567,0,643033590,2626849,24,0,0,49923,1.17
citrus-bundle,100000,0.00,2.00,96,0,50,0,655,4608,160624328,0,787046415,3215045,24,0,0,49754,1.17
citrus-lockfree,100000,0.00,2.00,1,0,50,0,464,1653,3370999,0,16517505,67498,25,0,0,0,0.00
citrus-lockfree,100000,0.00,2.00,16,0,50,0,755,2927,44960842,0,220301735,900495,25,0,45,0,0.00
citrus-lockfree,100000,0.00,2.00,32,0,50,0,455,5120,65236827,0,319645335,1307760,25,0,93,0,0.00
citrus-lockfree,100000,0.00,2.00,48,0,50,0,586,8195,74085732,0,363009035,1483925,25,0,141,0,0.00
citrus-lockfree,100000,0.00,2.00,64,0,50,0,520,8880,103833769,0,508765160,2080737,24,0,189,0,0.00
citrus-lockfree,100000,0.00,2.00,80,0,50,0,660,14725,104698528,0,513018255,2094877,25,0,237,0,0.00
citrus-lockfree,100000,0.00,2.00,96,0,50,0,590,15837,111060965,0,544181690,2224627,24,0,285,0,0.00
citrus-bundle,100000,0.00,0.00,1,0,50,0,675,0,3601842,0,18009210,0,0,0,0,49763,1.17
citrus-bundle,100000,0.00,0.00,16,0,50,0,348,0,52552313,0,262761565,0,0,0,0,50175,1.17
citrus-bundle,100000,0.00,0.00,32,0,50,0,366,0,80068640,0,400343200,0,0,0,0,50170,1.17
citrus-bundle,100000,0.00,0.00,48,0,50,0,539,0,102495031,0,512475155,0,0,0,0,50011,1.17
citrus-bundle,100000,0.00,0.00,64,0,50,0,396,0,147560534,0,737802670,0,0,0,0,50075,1.17
citrus-bundle,100000,0.00,0.00,80,0,50,0,486,0,172937452,0,864687260,0,0,0,0,50389,1.17
citrus-bundle,100000,0.00,0.00,96,0,50,0,426,0,197608695,0,988043475,0,0,0,0,50404,1.17
citrus-lockfree,100000,0.00,0.00,1,0,50,0,672,0,3517326,0,17586630,0,0,0,0,0,0.00
citrus-lockfree,100000,0.00,0.00,16,0,50,0,333,0,50281436,0,251407180,0,0,0,0,0,0.00
citrus-lockfree,100000,0.00,0.00,32,0,50,0,761,0,77962130,0,389810650,0,0,0,0,0,0.00
citrus-lockfree,100000,0.00,0.00,48,0,50,0,462,0,99816024,0,499080120,0,0,0,0,0,0.00
citrus-lockfree,100000,0.00,0.00,64,0,50,0,401,0,145531767,0,727658835,0,0,0,0,0,0.00
citrus-lockfree,100000,0.00,0.00,80,0,50,0,601,0,175651935,0,878259675,0,0,0,0,0,0.00
citrus-lockfree,100000,0.00,0.00,96,0,50,0,416,0,194409084,0,972045420,0,0,0,0,0,0.00
